id,question,type,answer
Q1,Q1,,20
Q2,Q2,,30
Q3,Q3,,955.8
Q4,Q4,,15:30:00
Q5,Q5,,109.14
Q6,Q6,,72
Q7,Q7,,40 minutes
Q8,Q8,Logical Gap,8
Q9,Q9,,70
Q10,Q10,,107
Q11,Q11,,33
Q12,Q12,,675
Q13,Q13,,69.12
Q14,Q14,,16
Q15,Q15,,34
Q16,Q16,,Yes
Q17,Q17,,59
Q18,Q18,,Wednesday
Q19,Q19,,E
Q20,Q20,,No
Q21,Q21,"Logical Gap:When the model was verifying the hypothesis that ""B is the thief"", it failed to recognize that C's statement was also true, which caused the logical chain to break and violated the logical validity principle of decision tree Level 3.",C
Q22,Q22,,58
Q23,Q23,,Day 16
Q24,Q24,,24
Q25,Q25,,trum
Q26,Q26,,Tuesday
Q27,Q27,,56
Q28,Q28,,True
Q29,Q29,,Both
Q30,Q30,Logical Gap:The failure comes from invalid logical inference steps,Bob
Q31,Q31,,Yes
Q32,Q32,,Fall
Q33,Q33,,No
Q34,Q34,,No
Q35,Q35,,No
Q36,Q36,,Yes
Q37,Q37,,Yes
Q38,Q38,,No
Q39,Q39,,After
Q40,Q40,,No
Q41,Q41,,No
Q42,Q42,,No
Q43,Q43,,Yes
Q44,Q44,,Moon's shadow on Earth
Q45,Q45,,No
